Date,Quantity Sold,Split,Naive Forecast,ARIMA Forecast,Prophet Forecast,MA_7,MA_30,Volatility_7
2020-01-12,78,Train,,,,,,
2020-01-13,0,Train,,,,,,
2020-01-14,0,Train,,,,,,
2020-01-15,0,Train,,,,,,
2020-01-16,0,Train,,,,,,
2020-01-17,0,Train,,,,,,
2020-01-18,0,Train,,,,,,
2020-01-19,0,Train,,,,,,
2020-01-20,0,Train,,,,,,
2020-01-21,0,Train,,,,,,
2020-01-22,0,Train,,,,,,
2020-01-23,0,Train,,,,,,
2020-01-24,0,Train,,,,,,
2020-01-25,0,Train,,,,,,
2020-01-26,0,Train,,,,,,
2020-01-27,0,Train,,,,,,
2020-01-28,0,Train,,,,,,
2020-01-29,0,Train,,,,,,
2020-01-30,0,Train,,,,,,
2020-01-31,0,Train,,,,,,
2020-02-01,0,Train,,,,,,
2020-02-02,0,Train,,,,,,
2020-02-03,0,Train,,,,,,
2020-02-04,0,Train,,,,,,
2020-02-05,0,Train,,,,,,
2020-02-06,0,Train,,,,,,
2020-02-07,0,Train,,,,,,
2020-02-08,0,Train,,,,,,
2020-02-09,0,Train,,,,,,
2020-02-10,0,Train,,,,,,
2020-02-11,0,Train,,,,,,
2020-02-12,0,Train,,,,,,
2020-02-13,0,Train,,,,,,
2020-02-14,0,Train,,,,,,
2020-02-15,0,Train,,,,,,
2020-02-16,0,Train,,,,,,
2020-02-17,0,Train,,,,,,
2020-02-18,0,Train,,,,,,
2020-02-19,0,Train,,,,,,
2020-02-20,0,Train,,,,,,
2020-02-21,0,Train,,,,,,
2020-02-22,0,Train,,,,,,
2020-02-23,0,Train,,,,,,
2020-02-24,0,Train,,,,,,
2020-02-25,0,Train,,,,,,
2020-02-26,0,Train,,,,,,
2020-02-27,0,Train,,,,,,
2020-02-28,0,Train,,,,,,
2020-02-29,0,Train,,,,,,
2020-03-01,0,Train,,,,,,
2020-03-02,0,Train,,,,,,
2020-03-03,0,Train,,,,,,
2020-03-04,0,Train,,,,,,
2020-03-05,0,Train,,,,,,
2020-03-06,0,Train,,,,,,
2020-03-07,0,Train,,,,,,
2020-03-08,0,Train,,,,,,
2020-03-09,0,Train,,,,,,
2020-03-10,0,Train,,,,,,
2020-03-11,0,Train,,,,,,
2020-03-12,32,Train,,,,,,
2020-03-13,0,Train,,,,,,
2020-03-14,0,Train,,,,,,
2020-03-15,0,Train,,,,,,
2020-03-16,0,Train,,,,,,
2020-03-17,0,Train,,,,,,
2020-03-18,0,Train,,,,,,
2020-03-19,0,Train,,,,,,
2020-03-20,0,Train,,,,,,
2020-03-21,0,Train,,,,,,
2020-03-22,0,Train,,,,,,
2020-03-23,0,Train,,,,,,
2020-03-24,0,Train,,,,,,
2020-03-25,0,Train,,,,,,
2020-03-26,0,Train,,,,,,
2020-03-27,0,Train,,,,,,
2020-03-28,0,Train,,,,,,
2020-03-29,0,Train,,,,,,
2020-03-30,0,Train,,,,,,
2020-03-31,0,Train,,,,,,
2020-04-01,0,Train,,,,,,
2020-04-02,0,Train,,,,,,
2020-04-03,0,Train,,,,,,
2020-04-04,0,Train,,,,,,
2020-04-05,0,Train,,,,,,
2020-04-06,0,Train,,,,,,
2020-04-07,0,Train,,,,,,
2020-04-08,0,Train,,,,,,
2020-04-09,0,Train,,,,,,
2020-04-10,0,Train,,,,,,
2020-04-11,0,Train,,,,,,
2020-04-12,90,Train,,,,,,
2020-04-13,0,Train,,,,,,
2020-04-14,0,Train,,,,,,
2020-04-15,0,Train,,,,,,
2020-04-16,0,Train,,,,,,
2020-04-17,0,Train,,,,,,
2020-04-18,0,Train,,,,,,
2020-04-19,0,Train,,,,,,
2020-04-20,0,Train,,,,,,
2020-04-21,0,Train,,,,,,
2020-04-22,0,Train,,,,,,
2020-04-23,0,Train,,,,,,
2020-04-24,0,Train,,,,,,
2020-04-25,0,Train,,,,,,
2020-04-26,0,Train,,,,,,
2020-04-27,0,Train,,,,,,
2020-04-28,0,Train,,,,,,
2020-04-29,0,Train,,,,,,
2020-04-30,0,Train,,,,,,
2020-05-01,0,Train,,,,,,
2020-05-02,0,Train,,,,,,
2020-05-03,0,Train,,,,,,
2020-05-04,0,Train,,,,,,
2020-05-05,0,Train,,,,,,
2020-05-06,0,Train,,,,,,
2020-05-07,0,Train,,,,,,
2020-05-08,0,Train,,,,,,
2020-05-09,0,Train,,,,,,
2020-05-10,0,Train,,,,,,
2020-05-11,0,Train,,,,,,
2020-05-12,0,Train,,,,,,
2020-05-13,0,Train,,,,,,
2020-05-14,0,Train,,,,,,
2020-05-15,0,Train,,,,,,
2020-05-16,0,Train,,,,,,
2020-05-17,0,Train,,,,,,
2020-05-18,0,Train,,,,,,
2020-05-19,0,Train,,,,,,
2020-05-20,0,Train,,,,,,
2020-05-21,0,Train,,,,,,
2020-05-22,0,Train,,,,,,
2020-05-23,0,Train,,,,,,
2020-05-24,0,Train,,,,,,
2020-05-25,0,Train,,,,,,
2020-05-26,0,Train,,,,,,
2020-05-27,0,Train,,,,,,
2020-05-28,0,Train,,,,,,
2020-05-29,0,Train,,,,,,
2020-05-30,0,Train,,,,,,
2020-05-31,0,Train,,,,,,
2020-06-01,0,Train,,,,,,
2020-06-02,0,Train,,,,,,
2020-06-03,0,Train,,,,,,
2020-06-04,0,Train,,,,,,
2020-06-05,0,Train,,,,,,
2020-06-06,0,Train,,,,,,
2020-06-07,0,Train,,,,,,
2020-06-08,0,Train,,,,,,
2020-06-09,0,Train,,,,,,
2020-06-10,0,Train,,,,,,
2020-06-11,0,Train,,,,,,
2020-06-12,0,Train,,,,,,
2020-06-13,0,Train,,,,,,
2020-06-14,0,Train,,,,,,
2020-06-15,0,Train,,,,,,
2020-06-16,0,Train,,,,,,
2020-06-17,0,Train,,,,,,
2020-06-18,0,Train,,,,,,
2020-06-19,0,Train,,,,,,
2020-06-20,0,Train,,,,,,
2020-06-21,0,Train,,,,,,
2020-06-22,0,Train,,,,,,
2020-06-23,0,Train,,,,,,
2020-06-24,0,Train,,,,,,
2020-06-25,0,Train,,,,,,
2020-06-26,0,Train,,,,,,
2020-06-27,0,Train,,,,,,
2020-06-28,0,Train,,,,,,
2020-06-29,0,Train,,,,,,
2020-06-30,0,Train,,,,,,
2020-07-01,0,Train,,,,,,
2020-07-02,0,Train,,,,,,
2020-07-03,0,Train,,,,,,
2020-07-04,0,Train,,,,,,
2020-07-05,0,Train,,,,,,
2020-07-06,0,Train,,,,,,
2020-07-07,0,Train,,,,,,
2020-07-08,0,Train,,,,,,
2020-07-09,0,Train,,,,,,
2020-07-10,0,Train,,,,,,
2020-07-11,0,Train,,,,,,
2020-07-12,0,Train,,,,,,
2020-07-13,0,Train,,,,,,
2020-07-14,0,Train,,,,,,
2020-07-15,0,Train,,,,,,
2020-07-16,0,Train,,,,,,
2020-07-17,0,Train,,,,,,
2020-07-18,0,Train,,,,,,
2020-07-19,0,Train,,,,,,
2020-07-20,0,Train,,,,,,
2020-07-21,0,Train,,,,,,
2020-07-22,0,Train,,,,,,
2020-07-23,0,Train,,,,,,
2020-07-24,0,Train,,,,,,
2020-07-25,0,Train,,,,,,
2020-07-26,0,Train,,,,,,
2020-07-27,0,Train,,,,,,
2020-07-28,0,Train,,,,,,
2020-07-29,0,Train,,,,,,
2020-07-30,0,Train,,,,,,
2020-07-31,0,Train,,,,,,
2020-08-01,0,Train,,,,,,
2020-08-02,0,Train,,,,,,
2020-08-03,0,Train,,,,,,
2020-08-04,0,Train,,,,,,
2020-08-05,0,Train,,,,,,
2020-08-06,0,Train,,,,,,
2020-08-07,0,Train,,,,,,
2020-08-08,0,Train,,,,,,
2020-08-09,0,Train,,,,,,
2020-08-10,0,Train,,,,,,
2020-08-11,0,Train,,,,,,
2020-08-12,0,Train,,,,,,
2020-08-13,0,Train,,,,,,
2020-08-14,0,Train,,,,,,
2020-08-15,0,Train,,,,,,
2020-08-16,0,Train,,,,,,
2020-08-17,0,Train,,,,,,
2020-08-18,0,Train,,,,,,
2020-08-19,0,Train,,,,,,
2020-08-20,0,Train,,,,,,
2020-08-21,0,Train,,,,,,
2020-08-22,0,Train,,,,,,
2020-08-23,0,Train,,,,,,
2020-08-24,0,Train,,,,,,
2020-08-25,0,Train,,,,,,
2020-08-26,0,Train,,,,,,
2020-08-27,0,Train,,,,,,
2020-08-28,0,Train,,,,,,
2020-08-29,0,Train,,,,,,
2020-08-30,0,Train,,,,,,
2020-08-31,0,Train,,,,,,
2020-09-01,0,Train,,,,,,
2020-09-02,0,Train,,,,,,
2020-09-03,0,Train,,,,,,
2020-09-04,0,Train,,,,,,
2020-09-05,0,Train,,,,,,
2020-09-06,0,Train,,,,,,
2020-09-07,0,Train,,,,,,
2020-09-08,0,Train,,,,,,
2020-09-09,0,Train,,,,,,
2020-09-10,0,Train,,,,,,
2020-09-11,0,Train,,,,,,
2020-09-12,0,Train,,,,,,
2020-09-13,0,Train,,,,,,
2020-09-14,0,Train,,,,,,
2020-09-15,0,Train,,,,,,
2020-09-16,0,Train,,,,,,
2020-09-17,0,Train,,,,,,
2020-09-18,0,Train,,,,,,
2020-09-19,0,Train,,,,,,
2020-09-20,0,Train,,,,,,
2020-09-21,0,Train,,,,,,
2020-09-22,0,Train,,,,,,
2020-09-23,0,Train,,,,,,
2020-09-24,0,Train,,,,,,
2020-09-25,0,Train,,,,,,
2020-09-26,0,Train,,,,,,
2020-09-27,0,Train,,,,,,
2020-09-28,0,Train,,,,,,
2020-09-29,0,Train,,,,,,
2020-09-30,0,Train,,,,,,
2020-10-01,0,Train,,,,,,
2020-10-02,0,Train,,,,,,
2020-10-03,0,Train,,,,,,
2020-10-04,0,Train,,,,,,
2020-10-05,0,Train,,,,,,
2020-10-06,0,Train,,,,,,
2020-10-07,0,Train,,,,,,
2020-10-08,0,Train,,,,,,
2020-10-09,0,Train,,,,,,
2020-10-10,0,Train,,,,,,
2020-10-11,0,Train,,,,,,
2020-10-12,0,Train,,,,,,
2020-10-13,0,Train,,,,,,
2020-10-14,0,Train,,,,,,
2020-10-15,0,Train,,,,,,
2020-10-16,0,Train,,,,,,
2020-10-17,0,Train,,,,,,
2020-10-18,0,Train,,,,,,
2020-10-19,0,Train,,,,,,
2020-10-20,0,Train,,,,,,
2020-10-21,0,Train,,,,,,
2020-10-22,0,Train,,,,,,
2020-10-23,0,Train,,,,,,
2020-10-24,0,Train,,,,,,
2020-10-25,0,Train,,,,,,
2020-10-26,0,Train,,,,,,
2020-10-27,0,Train,,,,,,
2020-10-28,0,Train,,,,,,
2020-10-29,0,Train,,,,,,
2020-10-30,0,Train,,,,,,
2020-10-31,0,Train,,,,,,
2020-11-01,0,Train,,,,,,
2020-11-02,0,Train,,,,,,
2020-11-03,0,Train,,,,,,
2020-11-04,0,Train,,,,,,
2020-11-05,0,Train,,,,,,
2020-11-06,0,Train,,,,,,
2020-11-07,0,Train,,,,,,
2020-11-08,0,Train,,,,,,
2020-11-09,0,Train,,,,,,
2020-11-10,0,Train,,,,,,
2020-11-11,0,Train,,,,,,
2020-11-12,0,Train,,,,,,
2020-11-13,0,Train,,,,,,
2020-11-14,0,Train,,,,,,
2020-11-15,0,Train,,,,,,
2020-11-16,0,Train,,,,,,
2020-11-17,0,Train,,,,,,
2020-11-18,0,Train,,,,,,
2020-11-19,0,Train,,,,,,
2020-11-20,0,Train,,,,,,
2020-11-21,0,Train,,,,,,
2020-11-22,0,Train,,,,,,
2020-11-23,0,Train,,,,,,
2020-11-24,0,Train,,,,,,
2020-11-25,0,Train,,,,,,
2020-11-26,0,Train,,,,,,
2020-11-27,0,Train,,,,,,
2020-11-28,0,Train,,,,,,
2020-11-29,0,Train,,,,,,
2020-11-30,0,Train,,,,,,
2020-12-01,0,Train,,,,,,
2020-12-02,0,Train,,,,,,
2020-12-03,0,Train,,,,,,
2020-12-04,0,Train,,,,,,
2020-12-05,0,Train,,,,,,
2020-12-06,0,Train,,,,,,
2020-12-07,0,Train,,,,,,
2020-12-08,0,Train,,,,,,
2020-12-09,0,Train,,,,,,
2020-12-10,0,Train,,,,,,
2020-12-11,0,Train,,,,,,
2020-12-12,0,Train,,,,,,
2020-12-13,0,Train,,,,,,
2020-12-14,0,Train,,,,,,
2020-12-15,0,Train,,,,,,
2020-12-16,0,Train,,,,,,
2020-12-17,0,Train,,,,,,
2020-12-18,0,Train,,,,,,
2020-12-19,0,Train,,,,,,
2020-12-20,0,Train,,,,,,
2020-12-21,0,Train,,,,,,
2020-12-22,0,Train,,,,,,
2020-12-23,0,Train,,,,,,
2020-12-24,0,Train,,,,,,
2020-12-25,0,Train,,,,,,
2020-12-26,0,Train,,,,,,
2020-12-27,0,Train,,,,,,
2020-12-28,0,Train,,,,,,
2020-12-29,0,Train,,,,,,
2020-12-30,0,Train,,,,,,
2020-12-31,0,Train,,,,,,
2021-01-01,0,Train,,,,,,
2021-01-02,45,Train,,,,,,
2021-01-03,0,Train,,,,,,
2021-01-04,0,Train,,,,,,
2021-01-05,37,Train,,,,,,
2021-01-06,0,Train,,,,,,
2021-01-07,0,Train,,,,,,
2021-01-08,0,Train,,,,,,
2021-01-09,0,Train,,,,,,
2021-01-10,0,Train,,,,,,
2021-01-11,0,Train,,,,,,
2021-01-12,42,Train,,,,,,
2021-01-13,0,Train,,,,,,
2021-01-14,0,Train,,,,,,
2021-01-15,0,Train,,,,,,
2021-01-16,0,Train,,,,,,
2021-01-17,0,Train,,,,,,
2021-01-18,0,Train,,,,,,
2021-01-19,0,Train,,,,,,
2021-01-20,0,Train,,,,,,
2021-01-21,0,Train,,,,,,
2021-01-22,0,Train,,,,,,
2021-01-23,0,Train,,,,,,
2021-01-24,0,Train,,,,,,
2021-01-25,0,Train,,,,,,
2021-01-26,0,Train,,,,,,
2021-01-27,0,Train,,,,,,
2021-01-28,0,Train,,,,,,
2021-01-29,0,Train,,,,,,
2021-01-30,0,Train,,,,,,
2021-01-31,0,Train,,,,,,
2021-02-01,0,Train,,,,,,
2021-02-02,0,Train,,,,,,
2021-02-03,0,Train,,,,,,
2021-02-04,0,Train,,,,,,
2021-02-05,0,Train,,,,,,
2021-02-06,0,Train,,,,,,
2021-02-07,0,Train,,,,,,
2021-02-08,0,Train,,,,,,
2021-02-09,0,Train,,,,,,
2021-02-10,0,Train,,,,,,
2021-02-11,0,Train,,,,,,
2021-02-12,3,Train,,,,,,
2021-02-13,0,Train,,,,,,
2021-02-14,0,Train,,,,,,
2021-02-15,0,Train,,,,,,
2021-02-16,0,Train,,,,,,
2021-02-17,0,Train,,,,,,
2021-02-18,0,Train,,,,,,
2021-02-19,0,Train,,,,,,
2021-02-20,0,Train,,,,,,
2021-02-21,0,Train,,,,,,
2021-02-22,0,Train,,,,,,
2021-02-23,0,Train,,,,,,
2021-02-24,0,Train,,,,,,
2021-02-25,0,Train,,,,,,
2021-02-26,0,Train,,,,,,
2021-02-27,0,Train,,,,,,
2021-02-28,0,Train,,,,,,
2021-03-01,0,Train,,,,,,
2021-03-02,130,Train,,,,,,
2021-03-03,0,Train,,,,,,
2021-03-04,64,Train,,,,,,
2021-03-05,0,Train,,,,,,
2021-03-06,0,Train,,,,,,
2021-03-07,0,Train,,,,,,
2021-03-08,0,Train,,,,,,
2021-03-09,0,Train,,,,,,
2021-03-10,0,Train,,,,,,
2021-03-11,0,Train,,,,,,
2021-03-12,20,Train,,,,,,
2021-03-13,0,Train,,,,,,
2021-03-14,0,Train,,,,,,
2021-03-15,0,Train,,,,,,
2021-03-16,0,Train,,,,,,
2021-03-17,0,Train,,,,,,
2021-03-18,0,Train,,,,,,
2021-03-19,0,Train,,,,,,
2021-03-20,0,Train,,,,,,
2021-03-21,0,Train,,,,,,
2021-03-22,0,Train,,,,,,
2021-03-23,0,Train,,,,,,
2021-03-24,0,Train,,,,,,
2021-03-25,0,Train,,,,,,
2021-03-26,0,Train,,,,,,
2021-03-27,0,Train,,,,,,
2021-03-28,0,Train,,,,,,
2021-03-29,0,Train,,,,,,
2021-03-30,0,Train,,,,,,
2021-03-31,0,Train,,,,,,
2021-04-01,0,Train,,,,,,
2021-04-02,0,Train,,,,,,
2021-04-03,0,Train,,,,,,
2021-04-04,0,Train,,,,,,
2021-04-05,0,Train,,,,,,
2021-04-06,0,Train,,,,,,
2021-04-07,0,Train,,,,,,
2021-04-08,0,Train,,,,,,
2021-04-09,0,Train,,,,,,
2021-04-10,0,Train,,,,,,
2021-04-11,0,Train,,,,,,
2021-04-12,8,Train,,,,,,
2021-04-13,0,Train,,,,,,
2021-04-14,0,Train,,,,,,
2021-04-15,0,Train,,,,,,
2021-04-16,0,Train,,,,,,
2021-04-17,0,Train,,,,,,
2021-04-18,0,Train,,,,,,
2021-04-19,0,Train,,,,,,
2021-04-20,0,Train,,,,,,
2021-04-21,0,Train,,,,,,
2021-04-22,0,Train,,,,,,
2021-04-23,0,Train,,,,,,
2021-04-24,0,Train,,,,,,
2021-04-25,0,Train,,,,,,
2021-04-26,0,Train,,,,,,
2021-04-27,0,Train,,,,,,
2021-04-28,0,Train,,,,,,
2021-04-29,0,Train,,,,,,
2021-04-30,0,Train,,,,,,
2021-05-01,212,Train,,,,,,
2021-05-02,71,Train,,,,,,
2021-05-03,0,Train,,,,,,
2021-05-04,0,Train,,,,,,
2021-05-05,0,Train,,,,,,
2021-05-06,0,Train,,,,,,
2021-05-07,0,Train,,,,,,
2021-05-08,0,Train,,,,,,
2021-05-09,0,Train,,,,,,
2021-05-10,0,Train,,,,,,
2021-05-11,0,Train,,,,,,
2021-05-12,0,Train,,,,,,
2021-05-13,0,Train,,,,,,
2021-05-14,0,Train,,,,,,
2021-05-15,0,Train,,,,,,
2021-05-16,0,Train,,,,,,
2021-05-17,0,Train,,,,,,
2021-05-18,0,Train,,,,,,
2021-05-19,0,Train,,,,,,
2021-05-20,0,Train,,,,,,
2021-05-21,0,Train,,,,,,
2021-05-22,0,Train,,,,,,
2021-05-23,0,Train,,,,,,
2021-05-24,0,Train,,,,,,
2021-05-25,0,Train,,,,,,
2021-05-26,0,Train,,,,,,
2021-05-27,0,Train,,,,,,
2021-05-28,0,Train,,,,,,
2021-05-29,0,Train,,,,,,
2021-05-30,0,Train,,,,,,
2021-05-31,0,Train,,,,,,
2021-06-01,46,Train,,,,,,
2021-06-02,0,Train,,,,,,
2021-06-03,0,Train,,,,,,
2021-06-04,86,Train,,,,,,
2021-06-05,0,Train,,,,,,
2021-06-06,0,Train,,,,,,
2021-06-07,0,Train,,,,,,
2021-06-08,0,Train,,,,,,
2021-06-09,0,Train,,,,,,
2021-06-10,0,Train,,,,,,
2021-06-11,0,Train,,,,,,
2021-06-12,62,Train,,,,,,
2021-06-13,0,Train,,,,,,
2021-06-14,0,Train,,,,,,
2021-06-15,0,Train,,,,,,
2021-06-16,0,Train,,,,,,
2021-06-17,0,Train,,,,,,
2021-06-18,0,Train,,,,,,
2021-06-19,0,Train,,,,,,
2021-06-20,0,Train,,,,,,
2021-06-21,0,Train,,,,,,
2021-06-22,0,Train,,,,,,
2021-06-23,0,Train,,,,,,
2021-06-24,0,Train,,,,,,
2021-06-25,0,Train,,,,,,
2021-06-26,0,Train,,,,,,
2021-06-27,0,Train,,,,,,
2021-06-28,0,Train,,,,,,
2021-06-29,0,Train,,,,,,
2021-06-30,0,Train,,,,,,
2021-07-01,37,Train,,,,,,
2021-07-02,0,Train,,,,,,
2021-07-03,0,Train,,,,,,
2021-07-04,0,Train,,,,,,
2021-07-05,37,Train,,,,,,
2021-07-06,0,Train,,,,,,
2021-07-07,0,Train,,,,,,
2021-07-08,0,Train,,,,,,
2021-07-09,0,Train,,,,,,
2021-07-10,0,Train,,,,,,
2021-07-11,0,Train,,,,,,
2021-07-12,45,Train,,,,,,
2021-07-13,0,Train,,,,,,
2021-07-14,0,Train,,,,,,
2021-07-15,0,Train,,,,,,
2021-07-16,0,Train,,,,,,
2021-07-17,0,Train,,,,,,
2021-07-18,0,Train,,,,,,
2021-07-19,0,Train,,,,,,
2021-07-20,0,Train,,,,,,
2021-07-21,0,Train,,,,,,
2021-07-22,0,Train,,,,,,
2021-07-23,0,Train,,,,,,
2021-07-24,0,Train,,,,,,
2021-07-25,0,Train,,,,,,
2021-07-26,0,Train,,,,,,
2021-07-27,0,Train,,,,,,
2021-07-28,0,Train,,,,,,
2021-07-29,0,Train,,,,,,
2021-07-30,0,Train,,,,,,
2021-07-31,0,Train,,,,,,
2021-08-01,0,Train,,,,,,
2021-08-02,15,Train,,,,,,
2021-08-03,66,Train,,,,,,
2021-08-04,0,Train,,,,,,
2021-08-05,0,Train,,,,,,
2021-08-06,0,Train,,,,,,
2021-08-07,0,Train,,,,,,
2021-08-08,0,Train,,,,,,
2021-08-09,0,Train,,,,,,
2021-08-10,0,Train,,,,,,
2021-08-11,0,Train,,,,,,
2021-08-12,30,Train,,,,,,
2021-08-13,0,Train,,,,,,
2021-08-14,0,Train,,,,,,
2021-08-15,0,Train,,,,,,
2021-08-16,0,Train,,,,,,
2021-08-17,0,Train,,,,,,
2021-08-18,0,Train,,,,,,
2021-08-19,0,Train,,,,,,
2021-08-20,0,Train,,,,,,
2021-08-21,0,Train,,,,,,
2021-08-22,0,Train,,,,,,
2021-08-23,0,Train,,,,,,
2021-08-24,0,Train,,,,,,
2021-08-25,0,Train,,,,,,
2021-08-26,0,Train,,,,,,
2021-08-27,0,Train,,,,,,
2021-08-28,0,Train,,,,,,
2021-08-29,0,Train,,,,,,
2021-08-30,0,Train,,,,,,
2021-08-31,0,Train,,,,,,
2021-09-01,193,Train,,,,,,
2021-09-02,0,Train,,,,,,
2021-09-03,175,Train,,,,,,
2021-09-04,0,Train,,,,,,
2021-09-05,0,Train,,,,,,
2021-09-06,0,Train,,,,,,
2021-09-07,0,Train,,,,,,
2021-09-08,0,Train,,,,,,
2021-09-09,0,Train,,,,,,
2021-09-10,0,Train,,,,,,
2021-09-11,0,Train,,,,,,
2021-09-12,68,Train,,,,,,
2021-09-13,0,Train,,,,,,
2021-09-14,0,Train,,,,,,
2021-09-15,0,Train,,,,,,
2021-09-16,0,Train,,,,,,
2021-09-17,0,Train,,,,,,
2021-09-18,0,Train,,,,,,
2021-09-19,0,Train,,,,,,
2021-09-20,0,Train,,,,,,
2021-09-21,0,Train,,,,,,
2021-09-22,0,Train,,,,,,
2021-09-23,0,Train,,,,,,
2021-09-24,0,Train,,,,,,
2021-09-25,0,Train,,,,,,
2021-09-26,0,Train,,,,,,
2021-09-27,0,Train,,,,,,
2021-09-28,0,Train,,,,,,
2021-09-29,0,Train,,,,,,
2021-09-30,0,Train,,,,,,
2021-10-01,0,Train,,,,,,
2021-10-02,0,Train,,,,,,
2021-10-03,0,Train,,,,,,
2021-10-04,10,Train,,,,,,
2021-10-05,27,Train,,,,,,
2021-10-06,0,Train,,,,,,
2021-10-07,0,Train,,,,,,
2021-10-08,0,Train,,,,,,
2021-10-09,0,Train,,,,,,
2021-10-10,0,Train,,,,,,
2021-10-11,0,Train,,,,,,
2021-10-12,15,Train,,,,,,
2021-10-13,0,Train,,,,,,
2021-10-14,0,Train,,,,,,
2021-10-15,0,Train,,,,,,
2021-10-16,0,Train,,,,,,
2021-10-17,0,Train,,,,,,
2021-10-18,0,Train,,,,,,
2021-10-19,0,Train,,,,,,
2021-10-20,0,Train,,,,,,
2021-10-21,0,Train,,,,,,
2021-10-22,0,Train,,,,,,
2021-10-23,0,Train,,,,,,
2021-10-24,0,Train,,,,,,
2021-10-25,0,Train,,,,,,
2021-10-26,0,Train,,,,,,
2021-10-27,0,Train,,,,,,
2021-10-28,0,Train,,,,,,
2021-10-29,0,Train,,,,,,
2021-10-30,0,Train,,,,,,
2021-10-31,0,Train,,,,,,
2021-11-01,0,Train,,,,,,
2021-11-02,0,Train,,,,,,
2021-11-03,21,Train,,,,,,
2021-11-04,0,Train,,,,,,
2021-11-05,69,Train,,,,,,
2021-11-06,0,Train,,,,,,
2021-11-07,0,Train,,,,,,
2021-11-08,0,Train,,,,,,
2021-11-09,0,Train,,,,,,
2021-11-10,0,Train,,,,,,
2021-11-11,0,Train,,,,,,
2021-11-12,8,Train,,,,,,
2021-11-13,0,Train,,,,,,
2021-11-14,0,Train,,,,,,
2021-11-15,0,Train,,,,,,
2021-11-16,0,Train,,,,,,
2021-11-17,0,Train,,,,,,
2021-11-18,0,Train,,,,,,
2021-11-19,0,Train,,,,,,
2021-11-20,0,Train,,,,,,
2021-11-21,0,Train,,,,,,
2021-11-22,0,Train,,,,,,
2021-11-23,0,Train,,,,,,
2021-11-24,0,Train,,,,,,
2021-11-25,0,Train,,,,,,
2021-11-26,0,Train,,,,,,
2021-11-27,0,Train,,,,,,
2021-11-28,0,Train,,,,,,
2021-11-29,0,Train,,,,,,
2021-11-30,0,Train,,,,,,
2021-12-01,44,Train,,,,,,
2021-12-02,21,Train,,,,,,
2021-12-03,67,Train,,,,,,
2021-12-04,0,Train,,,,,,
2021-12-05,88,Train,,,,,,
2021-12-06,0,Train,,,,,,
2021-12-07,0,Train,,,,,,
2021-12-08,0,Train,,,,,,
2021-12-09,0,Train,,,,,,
2021-12-10,0,Train,,,,,,
2021-12-11,0,Train,,,,,,
2021-12-12,0,Train,,,,,,
2021-12-13,0,Train,,,,,,
2021-12-14,0,Train,,,,,,
2021-12-15,0,Train,,,,,,
2021-12-16,0,Train,,,,,,
2021-12-17,0,Train,,,,,,
2021-12-18,0,Train,,,,,,
2021-12-19,0,Train,,,,,,
2021-12-20,0,Train,,,,,,
2021-12-21,0,Train,,,,,,
2021-12-22,0,Train,,,,,,
2021-12-23,0,Train,,,,,,
2021-12-24,0,Train,,,,,,
2021-12-25,0,Train,,,,,,
2021-12-26,0,Train,,,,,,
2021-12-27,0,Train,,,,,,
2021-12-28,0,Train,,,,,,
2021-12-29,0,Train,,,,,,
2021-12-30,0,Train,,,,,,
2021-12-31,0,Train,,,,,,
2022-01-01,0,Train,,,,,,
2022-01-02,21,Train,,,,,,
2022-01-03,21,Train,,,,,,
2022-01-04,0,Train,,,,,,
2022-01-05,0,Train,,,,,,
2022-01-06,0,Train,,,,,,
2022-01-07,0,Train,,,,,,
2022-01-08,0,Train,,,,,,
2022-01-09,0,Train,,,,,,
2022-01-10,0,Train,,,,,,
2022-01-11,0,Train,,,,,,
2022-01-12,0,Train,,,,,,
2022-01-13,0,Train,,,,,,
2022-01-14,0,Train,,,,,,
2022-01-15,0,Train,,,,,,
2022-01-16,0,Train,,,,,,
2022-01-17,0,Train,,,,,,
2022-01-18,0,Train,,,,,,
2022-01-19,0,Train,,,,,,
2022-01-20,0,Train,,,,,,
2022-01-21,0,Train,,,,,,
2022-01-22,0,Train,,,,,,
2022-01-23,0,Train,,,,,,
2022-01-24,0,Train,,,,,,
2022-01-25,0,Train,,,,,,
2022-01-26,0,Train,,,,,,
2022-01-27,0,Train,,,,,,
2022-01-28,0,Train,,,,,,
2022-01-29,0,Train,,,,,,
2022-01-30,0,Train,,,,,,
2022-01-31,0,Train,,,,,,
2022-02-01,0,Train,,,,,,
2022-02-02,27,Train,,,,,,
2022-02-03,61,Train,,,,,,
2022-02-04,58,Train,,,,,,
2022-02-05,6,Train,,,,,,
2022-02-06,0,Train,,,,,,
2022-02-07,0,Train,,,,,,
2022-02-08,0,Train,,,,,,
2022-02-09,0,Train,,,,,,
2022-02-10,0,Train,,,,,,
2022-02-11,0,Train,,,,,,
2022-02-12,0,Train,,,,,,
2022-02-13,0,Train,,,,,,
2022-02-14,0,Train,,,,,,
2022-02-15,0,Train,,,,,,
2022-02-16,0,Train,,,,,,
2022-02-17,0,Train,,,,,,
2022-02-18,0,Train,,,,,,
2022-02-19,0,Train,,,,,,
2022-02-20,0,Train,,,,,,
2022-02-21,0,Train,,,,,,
2022-02-22,0,Train,,,,,,
2022-02-23,0,Train,,,,,,
2022-02-24,0,Train,,,,,,
2022-02-25,0,Train,,,,,,
2022-02-26,0,Train,,,,,,
2022-02-27,0,Train,,,,,,
2022-02-28,0,Train,,,,,,
2022-03-01,0,Train,,,,,,
2022-03-02,52,Train,,,,,,
2022-03-03,0,Train,,,,,,
2022-03-04,0,Train,,,,,,
2022-03-05,0,Train,,,,,,
2022-03-06,0,Train,,,,,,
2022-03-07,0,Train,,,,,,
2022-03-08,0,Train,,,,,,
2022-03-09,0,Train,,,,,,
2022-03-10,0,Train,,,,,,
2022-03-11,0,Train,,,,,,
2022-03-12,0,Train,,,,,,
2022-03-13,0,Train,,,,,,
2022-03-14,0,Train,,,,,,
2022-03-15,0,Train,,,,,,
2022-03-16,0,Train,,,,,,
2022-03-17,0,Train,,,,,,
2022-03-18,0,Train,,,,,,
2022-03-19,0,Train,,,,,,
2022-03-20,0,Train,,,,,,
2022-03-21,0,Train,,,,,,
2022-03-22,0,Train,,,,,,
2022-03-23,0,Train,,,,,,
2022-03-24,0,Train,,,,,,
2022-03-25,0,Train,,,,,,
2022-03-26,0,Train,,,,,,
2022-03-27,0,Train,,,,,,
2022-03-28,0,Train,,,,,,
2022-03-29,0,Train,,,,,,
2022-03-30,0,Train,,,,,,
2022-03-31,0,Train,,,,,,
2022-04-01,0,Train,,,,,,
2022-04-02,0,Train,,,,,,
2022-04-03,21,Train,,,,,,
2022-04-04,14,Train,,,,,,
2022-04-05,0,Train,,,,,,
2022-04-06,0,Train,,,,,,
2022-04-07,0,Train,,,,,,
2022-04-08,0,Train,,,,,,
2022-04-09,0,Train,,,,,,
2022-04-10,0,Train,,,,,,
2022-04-11,0,Train,,,,,,
2022-04-12,0,Train,,,,,,
2022-04-13,0,Train,,,,,,
2022-04-14,0,Train,,,,,,
2022-04-15,0,Train,,,,,,
2022-04-16,0,Train,,,,,,
2022-04-17,0,Train,,,,,,
2022-04-18,0,Train,,,,,,
2022-04-19,0,Train,,,,,,
2022-04-20,0,Train,,,,,,
2022-04-21,0,Train,,,,,,
2022-04-22,0,Train,,,,,,
2022-04-23,0,Train,,,,,,
2022-04-24,0,Train,,,,,,
2022-04-25,0,Train,,,,,,
2022-04-26,0,Train,,,,,,
2022-04-27,0,Train,,,,,,
2022-04-28,0,Train,,,,,,
2022-04-29,0,Train,,,,,,
2022-04-30,0,Train,,,,,,
2022-05-01,59,Train,,,,,,
2022-05-02,7,Train,,,,,,
2022-05-03,106,Train,,,,,,
2022-05-04,0,Train,,,,,,
2022-05-05,0,Train,,,,,,
2022-05-06,0,Train,,,,,,
2022-05-07,0,Train,,,,,,
2022-05-08,0,Test,0.0,3.44,9.05,16.14,5.73,39.71
2022-05-09,0,Test,0.0,3.78,5.77,15.14,5.73,40.06
2022-05-10,0,Test,0.0,2.98,7.84,0.0,5.73,0.0
2022-05-11,0,Test,0.0,2.98,6.23,0.0,5.73,0.0
2022-05-12,0,Test,0.0,2.98,4.95,0.0,5.73,0.0
2022-05-13,0,Test,0.0,2.98,6.42,0.0,5.73,0.0
2022-05-14,0,Test,0.0,2.98,4.57,0.0,5.73,0.0
2022-05-15,0,Test,0.0,2.98,5.55,0.0,5.73,0.0
2022-05-16,0,Test,0.0,2.98,2.28,0.0,5.73,0.0
2022-05-17,0,Test,0.0,2.98,4.43,0.0,5.73,0.0
2022-05-18,0,Test,0.0,2.98,2.96,0.0,5.73,0.0
2022-05-19,0,Test,0.0,2.98,1.88,0.0,5.73,0.0
2022-05-20,0,Test,0.0,2.98,3.6,0.0,5.73,0.0
2022-05-21,0,Test,0.0,2.98,2.06,0.0,5.73,0.0
2022-05-22,0,Test,0.0,2.98,3.37,0.0,5.73,0.0
2022-05-23,0,Test,0.0,2.98,0.48,0.0,5.73,0.0
2022-05-24,0,Test,0.0,2.98,3.03,0.0,5.73,0.0
2022-05-25,0,Test,0.0,2.98,1.98,0.0,5.73,0.0
2022-05-26,0,Test,0.0,2.98,1.31,0.0,5.73,0.0
2022-05-27,0,Test,0.0,2.98,3.45,0.0,5.73,0.0
2022-05-28,0,Test,0.0,2.98,2.31,0.0,5.73,0.0
2022-05-29,0,Test,0.0,2.98,4.01,0.0,5.73,0.0
2022-05-30,0,Test,0.0,2.98,1.48,0.0,5.73,0.0
2022-05-31,0,Test,0.0,2.98,4.35,0.0,3.77,0.0
2022-06-01,25,Test,0.0,2.98,3.56,3.57,4.37,9.45
2022-06-02,0,Test,25.0,2.98,3.12,3.57,0.83,9.45
2022-06-03,0,Test,0.0,2.98,5.43,3.57,0.83,9.45
2022-06-04,14,Test,0.0,2.98,4.4,5.57,1.3,10.03
2022-06-05,0,Test,14.0,2.98,6.15,5.57,1.3,10.03
2022-06-06,0,Test,0.0,2.98,3.61,5.57,1.3,10.03
2022-06-07,0,Test,0.0,2.98,6.42,5.57,1.3,10.03
2022-06-08,0,Test,0.0,2.98,5.51,2.0,1.3,5.29
2022-06-09,0,Test,0.0,2.98,4.89,2.0,1.3,5.29
2022-06-10,0,Test,0.0,2.98,6.98,2.0,1.3,5.29
2022-06-11,0,Test,0.0,2.98,5.69,0.0,1.3,0.0
2022-06-12,0,Test,0.0,2.98,7.14,0.0,1.3,0.0
2022-06-13,0,Test,0.0,2.98,4.28,0.0,1.3,0.0
2022-06-14,0,Test,0.0,2.98,6.74,0.0,1.3,0.0
2022-06-15,0,Test,0.0,2.98,5.48,0.0,1.3,0.0
2022-06-16,0,Test,0.0,2.98,4.51,0.0,1.3,0.0
2022-06-17,0,Test,0.0,2.98,6.25,0.0,1.3,0.0
2022-06-18,0,Test,0.0,2.98,4.63,0.0,1.3,0.0
2022-06-19,0,Test,0.0,2.98,5.78,0.0,1.3,0.0
2022-06-20,0,Test,0.0,2.98,2.64,0.0,1.3,0.0
2022-06-21,0,Test,0.0,2.98,4.86,0.0,1.3,0.0
2022-06-22,0,Test,0.0,2.98,3.41,0.0,1.3,0.0
2022-06-23,0,Test,0.0,2.98,2.29,0.0,1.3,0.0
2022-06-24,0,Test,0.0,2.98,3.94,0.0,1.3,0.0
2022-06-25,0,Test,0.0,2.98,2.28,0.0,1.3,0.0
2022-06-26,0,Test,0.0,2.98,3.44,0.0,1.3,0.0
2022-06-27,0,Test,0.0,2.98,0.36,0.0,1.3,0.0
2022-06-28,0,Test,0.0,2.98,2.71,0.0,1.3,0.0
2022-06-29,0,Test,0.0,2.98,1.42,0.0,1.3,0.0
2022-06-30,0,Test,0.0,2.98,0.51,0.0,1.3,0.0
2022-07-01,11,Test,0.0,2.98,2.4,1.57,0.83,4.16
2022-07-02,19,Test,11.0,2.98,1.02,4.29,1.47,7.67
2022-07-03,87,Test,19.0,2.98,2.48,16.71,4.37,31.87
2022-07-04,3,Test,87.0,2.98,0.0,17.14,4.0,31.63
2022-07-05,8,Test,3.0,2.98,2.38,18.29,4.27,31.05
2022-07-06,0,Test,8.0,2.98,1.42,18.29,4.27,31.05
2022-07-07,0,Test,0.0,2.98,0.82,18.29,4.27,31.05
2022-07-08,0,Test,0.0,2.98,3.01,16.71,4.27,31.75
2022-07-09,0,Test,0.0,2.98,1.9,14.0,4.27,32.33
2022-07-10,0,Test,0.0,2.98,3.6,1.57,4.27,3.05
2022-07-11,0,Test,0.0,2.98,1.05,1.14,4.27,3.02
2022-07-12,0,Test,0.0,2.98,3.87,0.0,4.27,0.0
2022-07-13,0,Test,0.0,2.98,3.03,0.0,4.27,0.0
2022-07-14,0,Test,0.0,2.98,2.5,0.0,4.27,0.0
2022-07-15,0,Test,0.0,2.98,4.7,0.0,4.27,0.0
2022-07-16,0,Test,0.0,2.98,3.55,0.0,4.27,0.0
2022-07-17,0,Test,0.0,2.98,5.17,0.0,4.27,0.0
2022-07-18,0,Test,0.0,2.98,2.48,0.0,4.27,0.0
2022-07-19,0,Test,0.0,2.98,5.12,0.0,4.27,0.0
2022-07-20,0,Test,0.0,2.98,4.06,0.0,4.27,0.0
2022-07-21,0,Test,0.0,2.98,3.27,0.0,4.27,0.0
2022-07-22,0,Test,0.0,2.98,5.2,0.0,4.27,0.0
2022-07-23,0,Test,0.0,2.98,3.75,0.0,4.27,0.0
2022-07-24,0,Test,0.0,2.98,5.05,0.0,4.27,0.0
2022-07-25,0,Test,0.0,2.98,2.04,0.0,4.27,0.0
2022-07-26,0,Test,0.0,2.98,4.38,0.0,4.27,0.0
2022-07-27,0,Test,0.0,2.98,3.01,0.0,4.27,0.0
2022-07-28,0,Test,0.0,2.98,1.95,0.0,4.27,0.0
2022-07-29,0,Test,0.0,2.98,3.63,0.0,4.27,0.0
2022-07-30,0,Test,0.0,2.98,1.97,0.0,4.27,0.0
2022-07-31,0,Test,0.0,2.98,3.1,0.0,3.9,0.0
2022-08-01,0,Test,0.0,2.98,0.0,0.0,3.27,0.0
2022-08-02,19,Test,0.0,2.98,2.24,2.71,1.0,7.18
2022-08-03,0,Test,19.0,2.98,0.87,2.71,0.9,7.18
2022-08-04,0,Test,0.0,2.98,0.0,2.71,0.63,7.18
2022-08-05,0,Test,0.0,2.98,1.63,2.71,0.63,7.18
2022-08-06,0,Test,0.0,2.98,0.14,2.71,0.63,7.18
2022-08-07,0,Test,0.0,2.98,1.49,2.71,0.63,7.18
2022-08-08,0,Test,0.0,2.98,0.0,2.71,0.63,7.18
2022-08-09,0,Test,0.0,2.98,1.23,0.0,0.63,0.0
2022-08-10,0,Test,0.0,2.98,0.21,0.0,0.63,0.0
2022-08-11,0,Test,0.0,2.98,0.0,0.0,0.63,0.0
2022-08-12,0,Test,0.0,2.98,1.81,0.0,0.63,0.0
2022-08-13,0,Test,0.0,2.98,0.77,0.0,0.63,0.0
2022-08-14,0,Test,0.0,2.98,2.58,0.0,0.63,0.0
2022-08-15,0,Test,0.0,2.98,0.19,0.0,0.63,0.0
2022-08-16,0,Test,0.0,2.98,3.24,0.0,0.63,0.0
2022-08-17,0,Test,0.0,2.98,2.67,0.0,0.63,0.0
2022-08-18,0,Test,0.0,2.98,2.47,0.0,0.63,0.0
2022-08-19,0,Test,0.0,2.98,5.06,0.0,0.63,0.0
2022-08-20,0,Test,0.0,2.98,4.36,0.0,0.63,0.0
2022-08-21,0,Test,0.0,2.98,6.47,0.0,0.63,0.0
2022-08-22,0,Test,0.0,2.98,4.31,0.0,0.63,0.0
2022-08-23,0,Test,0.0,2.98,7.53,0.0,0.63,0.0
2022-08-24,0,Test,0.0,2.98,7.07,0.0,0.63,0.0
2022-08-25,0,Test,0.0,2.98,6.91,0.0,0.63,0.0
2022-08-26,0,Test,0.0,2.98,9.48,0.0,0.63,0.0
2022-08-27,0,Test,0.0,2.98,8.67,0.0,0.63,0.0
2022-08-28,0,Test,0.0,2.98,10.61,0.0,0.63,0.0
2022-08-29,0,Test,0.0,2.98,8.21,0.0,0.63,0.0
2022-08-30,0,Test,0.0,2.98,11.13,0.0,0.63,0.0
2022-08-31,0,Test,0.0,2.98,10.31,0.0,0.63,0.0
2022-09-01,0,Test,0.0,2.98,9.74,0.0,0.0,0.0
2022-09-02,17,Test,0.0,2.98,11.84,2.43,0.57,6.43
2022-09-03,31,Test,17.0,2.98,10.53,6.86,1.6,12.39
2022-09-04,17,Test,31.0,2.98,11.94,9.29,2.17,12.49
2022-09-05,39,Test,17.0,2.98,8.99,14.86,3.47,15.89
2022-09-06,0,Test,39.0,2.98,11.34,14.86,3.47,15.89
2022-09-07,0,Test,0.0,2.98,9.94,14.86,3.47,15.89
2022-09-08,0,Test,0.0,2.98,8.8,14.86,3.47,15.89
2022-09-09,0,Test,0.0,2.98,10.35,12.43,3.47,16.78
2022-09-10,0,Test,0.0,2.98,8.51,8.0,3.47,15.07
2022-09-11,0,Test,0.0,2.98,9.42,5.57,3.47,14.74
2022-09-12,0,Test,0.0,2.98,6.01,0.0,3.47,0.0
2022-09-13,0,Test,0.0,2.98,7.95,0.0,3.47,0.0
2022-09-14,0,Test,0.0,2.98,6.19,0.0,3.47,0.0
2022-09-15,0,Test,0.0,2.98,4.74,0.0,3.47,0.0
2022-09-16,0,Test,0.0,2.98,6.04,0.0,3.47,0.0
2022-09-17,0,Test,0.0,2.98,4.02,0.0,3.47,0.0
2022-09-18,0,Test,0.0,2.98,4.81,0.0,3.47,0.0
2022-09-19,0,Test,0.0,2.98,1.35,0.0,3.47,0.0
2022-09-20,0,Test,0.0,2.98,3.3,0.0,3.47,0.0
2022-09-21,0,Test,0.0,2.98,1.62,0.0,3.47,0.0
2022-09-22,0,Test,0.0,2.98,0.32,0.0,3.47,0.0
2022-09-23,0,Test,0.0,2.98,1.81,0.0,3.47,0.0
2022-09-24,0,Test,0.0,2.98,0.04,0.0,3.47,0.0
2022-09-25,0,Test,0.0,2.98,1.12,0.0,3.47,0.0
2022-09-26,0,Test,0.0,2.98,0.0,0.0,3.47,0.0
2022-09-27,0,Test,0.0,2.98,0.31,0.0,3.47,0.0
2022-09-28,0,Test,0.0,2.98,0.0,0.0,3.47,0.0
2022-09-29,0,Test,0.0,2.98,0.0,0.0,3.47,0.0
2022-09-30,0,Test,0.0,2.98,0.05,0.0,3.47,0.0
2022-10-01,0,Test,0.0,2.98,0.0,0.0,3.47,0.0
2022-10-02,0,Test,0.0,2.98,0.2,0.0,2.9,0.0
2022-10-03,0,Test,0.0,2.98,0.0,0.0,1.87,0.0
2022-10-04,0,Test,0.0,2.98,0.2,0.0,1.3,0.0
2022-10-05,75,Test,0.0,2.98,0.0,10.71,2.5,28.35
2022-10-06,0,Test,75.0,2.98,0.0,10.71,2.5,28.35
2022-10-07,0,Test,0.0,2.98,0.94,10.71,2.5,28.35
2022-10-08,0,Test,0.0,2.98,0.0,10.71,2.5,28.35
2022-10-09,0,Test,0.0,2.98,1.58,10.71,2.5,28.35
2022-10-10,0,Test,0.0,2.98,0.0,10.71,2.5,28.35
2022-10-11,0,Test,0.0,2.98,1.88,10.71,2.5,28.35
2022-10-12,0,Test,0.0,2.98,1.04,0.0,2.5,0.0
2022-10-13,0,Test,0.0,2.98,0.52,0.0,2.5,0.0
2022-10-14,0,Test,0.0,2.98,2.73,0.0,2.5,0.0
2022-10-15,0,Test,0.0,2.98,1.6,0.0,2.5,0.0
2022-10-16,0,Test,0.0,2.98,3.23,0.0,2.5,0.0
2022-10-17,0,Test,0.0,2.98,0.56,0.0,2.5,0.0
2022-10-18,0,Test,0.0,2.98,3.24,0.0,2.5,0.0
2022-10-19,0,Test,0.0,2.98,2.21,0.0,2.5,0.0
2022-10-20,0,Test,0.0,2.98,1.48,0.0,2.5,0.0
2022-10-21,0,Test,0.0,2.98,3.46,0.0,2.5,0.0
2022-10-22,0,Test,0.0,2.98,2.09,0.0,2.5,0.0
2022-10-23,0,Test,0.0,2.98,3.48,0.0,2.5,0.0
2022-10-24,0,Test,0.0,2.98,0.57,0.0,2.5,0.0
2022-10-25,0,Test,0.0,2.98,3.02,0.0,2.5,0.0
2022-10-26,0,Test,0.0,2.98,1.78,0.0,2.5,0.0
2022-10-27,0,Test,0.0,2.98,0.85,0.0,2.5,0.0
2022-10-28,0,Test,0.0,2.98,2.66,0.0,2.5,0.0
2022-10-29,0,Test,0.0,2.98,1.14,0.0,2.5,0.0
2022-10-30,0,Test,0.0,2.98,2.41,0.0,2.5,0.0
2022-10-31,0,Test,0.0,2.98,0.0,0.0,2.5,0.0
2022-11-01,41,Test,0.0,2.98,1.82,5.86,3.87,15.5
2022-11-02,0,Test,41.0,2.98,0.56,5.86,3.87,15.5
2022-11-03,0,Test,0.0,2.98,0.0,5.86,3.87,15.5
2022-11-04,72,Test,0.0,2.98,1.53,16.14,3.77,28.99
2022-11-05,17,Test,72.0,2.98,0.1,18.57,4.33,28.11
2022-11-06,0,Test,17.0,2.98,1.5,18.57,4.33,28.11
2022-11-07,0,Test,0.0,2.98,0.0,18.57,4.33,28.11
2022-11-08,0,Test,0.0,2.98,1.25,12.71,4.33,26.9
2022-11-09,0,Test,0.0,2.98,0.21,12.71,4.33,26.9
2022-11-10,0,Test,0.0,2.98,0.0,12.71,4.33,26.9
2022-11-11,0,Test,0.0,2.98,1.64,2.43,4.33,6.43
2022-11-12,0,Test,0.0,2.98,0.46,0.0,4.33,0.0
2022-11-13,0,Test,0.0,2.98,2.11,0.0,4.33,0.0
2022-11-14,0,Test,0.0,2.98,0.0,0.0,4.33,0.0
2022-11-15,0,Test,0.0,2.98,2.34,0.0,4.33,0.0
2022-11-16,0,Test,0.0,2.98,1.52,0.0,4.33,0.0
2022-11-17,0,Test,0.0,2.98,1.04,0.0,4.33,0.0
2022-11-18,0,Test,0.0,2.98,3.33,0.0,4.33,0.0
2022-11-19,0,Test,0.0,2.98,2.3,0.0,4.33,0.0
2022-11-20,0,Test,0.0,2.98,4.07,0.0,4.33,0.0
2022-11-21,0,Test,0.0,2.98,1.56,0.0,4.33,0.0
2022-11-22,0,Test,0.0,2.98,4.43,0.0,4.33,0.0
2022-11-23,0,Test,0.0,2.98,3.61,0.0,4.33,0.0
2022-11-24,0,Test,0.0,2.98,3.1,0.0,4.33,0.0
2022-11-25,0,Test,0.0,2.98,5.31,0.0,4.33,0.0
2022-11-26,0,Test,0.0,2.98,4.18,0.0,4.33,0.0
2022-11-27,0,Test,0.0,2.98,5.8,0.0,4.33,0.0
2022-11-28,0,Test,0.0,2.98,3.11,0.0,4.33,0.0
2022-11-29,0,Test,0.0,2.98,5.77,0.0,4.33,0.0
2022-11-30,0,Test,0.0,2.98,4.71,0.0,4.33,0.0
2022-12-01,0,Test,0.0,2.98,3.94,0.0,2.97,0.0
2022-12-02,65,Test,0.0,2.98,5.89,9.29,5.13,24.57
2022-12-03,45,Test,65.0,2.98,4.46,15.71,6.63,27.45
2022-12-04,0,Test,45.0,2.98,5.8,15.71,4.23,27.45
2022-12-05,27,Test,0.0,2.98,2.82,19.57,4.57,26.76
